{
  "allowingLoops": false,
  "edgeFactory": {},
  "edgeSetFactory": {},
  "edgeMap": {
    "(14 : 10)": {
      "weight": 235.87809775863067,
      "source": 14,
      "target": 10
    },
    "(20 : 10)": {
      "weight": 1632.6634116010257,
      "source": 20,
      "target": 10
    },
    "(13 : 10)": {
      "weight": 362.7114061267781,
      "source": 13,
      "target": 10
    },
    "(9 : 8)": {
      "weight": 364.2345988144536,
      "source": 9,
      "target": 8
    },
    "(12 : 9)": {
      "weight": 478.4906117069137,
      "source": 12,
      "target": 9
    },
    "(8 : 5)": {
      "weight": 356.9306363813552,
      "source": 8,
      "target": 5
    },
    "(7 : 6)": {
      "weight": 144.24664650165877,
      "source": 7,
      "target": 6
    },
    "(10 : 3)": {
      "weight": 1555.5981361883032,
      "source": 10,
      "target": 3
    },
    "(12 : 5)": {
      "weight": 343.77088677425974,
      "source": 12,
      "target": 5
    },
    "(14 : 13)": {
      "weight": 293.4932618630069,
      "source": 14,
      "target": 13
    },
    "(16 : 15)": {
      "weight": 233.08126485006255,
      "source": 16,
      "target": 15
    },
    "(22 : 15)": {
      "weight": 2788.662639971595,
      "source": 22,
      "target": 15
    },
    "(18 : 16)": {
      "weight": 861.8588922040286,
      "source": 18,
      "target": 16
    },
    "(18 : 17)": {
      "weight": 8283.652402840939,
      "source": 18,
      "target": 17
    },
    "(19 : 18)": {
      "weight": 559.1229009538063,
      "source": 19,
      "target": 18
    },
    "(21 : 18)": {
      "weight": 1524.9822675056423,
      "source": 21,
      "target": 18
    },
    "(7 : 0)": {
      "weight": 57.20013193561347,
      "source": 7,
      "target": 0
    },
    "(5 : 0)": {
      "weight": 5898.555360193558,
      "source": 5,
      "target": 0
    },
    "(3 : 2)": {
      "weight": 974.5262427099219,
      "source": 3,
      "target": 2
    },
    "(4 : 0)": {
      "weight": 634.3205849881087,
      "source": 4,
      "target": 0
    },
    "(2 : 0)": {
      "weight": 871.9264673587214,
      "source": 2,
      "target": 0
    },
    "(20 : 19)": {
      "weight": 574.2609356132068,
      "source": 20,
      "target": 19
    },
    "(5 : 1)": {
      "weight": 5570.213631260064,
      "source": 5,
      "target": 1
    },
    "(4 : 1)": {
      "weight": 305.8400442272829,
      "source": 4,
      "target": 1
    },
    "(22 : 1)": {
      "weight": 1145.8371888121437,
      "source": 22,
      "target": 1
    },
    "(8 : 1)": {
      "weight": 5861.938389891148,
      "source": 8,
      "target": 1
    },
    "(10 : 2)": {
      "weight": 1127.5584814336005,
      "source": 10,
      "target": 2
    },
    "(6 : 1)": {
      "weight": 129.64907499708576,
      "source": 6,
      "target": 1
    }
  },
  "specifics": {},
  "allowingMultipleEdges": false
}